{
    "train_losses": [
        0.6450778073586595,
        0.4952665274135602,
        0.4459704904320141,
        0.4095880889092771,
        0.36086074558024206,
        0.323174000095826,
        0.2873501475102985,
        0.27168407867225214,
        0.24268461354433918,
        0.22900572704811828,
        0.22626094843823308,
        0.20336910858512305,
        0.17869413820223307,
        0.17674296319532318,
        0.16579753600846464,
        0.15396908152931796,
        0.14816178644474703,
        0.13941221543775198,
        0.1431648558892381,
        0.12882446400083292,
        0.13240490119440107,
        0.12705626633887093,
        0.11030124067165219,
        0.12072383074429088,
        0.12233961492586441,
        0.1283844171312099,
        0.12037357161886776,
        0.1141061664413149,
        0.11412066866319401
    ],
    "val_losses": [
        0.4472815568248431,
        0.3750231601889171,
        0.3698196815592902,
        0.3359657706958907,
        0.3440091052935237,
        0.34941013027278206,
        0.36375513424475986,
        0.32621692463992136,
        0.3275333380415326,
        0.3463496221672921,
        0.3636278370543132,
        0.32457807825671303,
        0.3574060471284957,
        0.35073171969917083,
        0.38185896783594103,
        0.33335808960218277,
        0.3190416198164698,
        0.36922998253315215,
        0.3512731156651936,
        0.3154305135683408,
        0.3532405218907765,
        0.2995705118491536,
        0.3552176599937772,
        0.3229245649916785,
        0.36105977400900824,
        0.3366691440580383,
        0.33556930082184927,
        0.31766444338219507,
        0.34437334159063915
    ],
    "final_train_loss": 0.11412066866319401,
    "final_val_loss": 0.34437334159063915,
    "best_train_loss": 0.11030124067165219,
    "best_val_loss": 0.2995705118491536,
    "num_epochs": 29,
    "unique_moods": [
        "Acoustic",
        "Calm",
        "Danceable",
        "Dark",
        "Dark Dance",
        "Electronic",
        "Energetic",
        "Melancholic",
        "Moderate Energy",
        "Upbeat"
    ],
    "lr_history": [
        0.001,
        0.001,
        0.001,
        0.001,
        0.001,
        0.001,
        0.001,
        0.001,
        0.001,
        0.001,
        0.001,
        0.001,
        0.001,
        0.001,
        0.001,
        0.001,
        0.0005,
        0.0005,
        0.0005,
        0.0005,
        0.0005,
        0.0005,
        0.0005,
        0.0005,
        0.0005,
        0.0005,
        0.00025,
        0.00025,
        0.00025
    ],
    "timestamp": "20241030_221729"
}