{
    "train_losses": [
        0.6429986440049954,
        0.47222208805358445,
        0.43112559228564223,
        0.3721927671243969,
        0.3488041991814257,
        0.31467425756561107,
        0.28251852585484805,
        0.25791267615061597,
        0.2377030917297537,
        0.22673648926682366,
        0.19648475390367995,
        0.18802042829152493,
        0.1734379061970848,
        0.17944233902631856,
        0.1640154558677262,
        0.16278180897759553,
        0.16137463174546107,
        0.16035047092567237,
        0.15357506501312834
    ],
    "val_losses": [
        0.41466809525376275,
        0.3518539293417855,
        0.31667227085147587,
        0.3459785244767628,
        0.3661914879367465,
        0.31159933881154134,
        0.3269968145186939,
        0.33465881409153103,
        0.3486537148082067,
        0.379365530515474,
        0.3303190797330841,
        0.30828775820277987,
        0.33335707655974794,
        0.32191820856597686,
        0.33460478248104214,
        0.34570606679670396,
        0.32923112833310686,
        0.3396680770175798,
        0.3361863169878248
    ],
    "final_train_loss": 0.15357506501312834,
    "final_val_loss": 0.3361863169878248,
    "best_train_loss": 0.15357506501312834,
    "best_val_loss": 0.30828775820277987,
    "num_epochs": 19,
    "unique_moods": [
        "Acoustic",
        "Calm",
        "Danceable",
        "Dark",
        "Dark Dance",
        "Electronic",
        "Energetic",
        "Melancholic",
        "Moderate Energy",
        "Upbeat"
    ],
    "lr_history": [
        0.001,
        0.001,
        0.001,
        0.001,
        0.001,
        0.001,
        0.001,
        0.001,
        0.001,
        0.001,
        0.0005,
        0.0005,
        0.0005,
        0.0005,
        0.0005,
        0.0005,
        0.00025,
        0.00025,
        0.00025
    ],
    "timestamp": "20241030_201719"
}